Tweets,Subjectivity,Polarity,Analysis
"16/16) We trust you've been blessed by this article. We invite you to make Jesus Christ the Lord of your life TODAY by following the steps in the attached imageüëá:

Rhapsotweets ",0.1,0.0,Neutral
"15/16) FURTHER STUDY:
Ephesians 6:16-18; 2 Corinthians 10:3-5

DAILY SCRIPTURE READING
1 Year Bible Reading Plan:
Mark 16:1-20 &amp; Deuteronomy 1-2

2 Year Bible Reading Plan:
Matthew 22:34-46 &amp; Exodus 23

Rhapsotweets",0.25,0.0,Neutral
"14/16) I declare that satan‚Äôs influence on leaders and rulers of nations of the world is broken! Your light shines brightly in their hearts today, in Jesus‚Äô Name. Amen. Rhapsotweets",0.6333333333333333,0.20000000000000004,Positive
"13/16) PRAYER 
Dear Lord, I thank you for endowing us with your might to pull down fortresses, ideas planted in the minds of men, and theories they‚Äôve accepted in life that have kept them from moving in the direction of your dream and destiny for them. ‚Ä¶ Rhapsotweets",0.2888888888888889,-0.15555555555555559,Negative
12/16) This is what we must do for leaders of nations to be influenced by God‚Äôs wisdom and righteousness; we must pray for them in line with God‚Äôs Word. Rhapsotweets,0.0,0.0,Neutral
"11/16) With authoritative words, rebuke the forces of darkness to desist from influencing them, and affirm that their hearts are turned to the Lord to do His will. Rhapsotweets",0.9,0.3,Positive
"10/16) So, as a Christian, recognize the enormity of the responsibility on you, to intercede for leaders of nations. Every so often, pray fervently in the spirit for the leaders in your country. Rhapsotweets",0.0,0.0,Neutral
"9/16) When we speak words in prayer, angels of God and the Spirit of God take those words and weaponize them. That‚Äôs what makes them mighty to the pulling down of fortresses. Rhapsotweets",0.5944444444444444,0.12222222222222222,Positive
"8/16) The word ‚Äúwarfare‚Äù is ‚Äústrateia‚Äù (Greek) and it‚Äôs telling us that we‚Äôre in the strategizing office, leading a military expedition in the Spirit. Rhapsotweets",0.05,-0.05,Negative
"7/16) Then, 2 Corinthians 10:4 says, ‚ÄúFor the weapons of our warfare are not carnal, but mighty through God to the pulling down of strong holds"". Rhapsotweets",0.6407407407407407,0.2259259259259259,Positive
"6/16) The Bible says, ‚ÄúI exhort therefore, that, first of all, supplications, prayers, intercessions, and giving of thanks, be made for all men; For kings, and for all that are in authority‚Ä¶‚Äù (1 Timothy 2:1-2). Rhapsotweets",0.26666666666666666,0.225,Positive
"5/16) When such leaders make wicked decisions and enforce repressive policies, it‚Äôs because they‚Äôre being influenced by evil forces. That‚Äôs why we pray for leaders, so that instead of being influenced by the forces of darkness, they‚Äôd be influenced by the Spirit of God.",0.75,-0.5,Negative
"4/16) Remember, Jesus said to the Jews who came to arrest Him, ‚ÄúYe are of your father the devil, &amp; the lusts of your father ye will do...‚Äù (John 8:44). This is why we oftentimes find leaders and rulers of nations that are influenced &amp; controlled by the principalities of darkness.",0.0,-0.05,Negative
"3/16) Until you‚Äôre born again and transferred into the Kingdom of God‚Äôs dear Son, you remain under the power of darkness, and satan becomes the god of all that concerns you. Rhapsotweets",0.0,0.0,Neutral
"2/16) From the scripture above, we see that there‚Äôre only two groups of people: those under the power of darkness and those in the Kingdom of God‚Äôs dear Son. Rhapsotweets",0.55,0.0,Neutral
"RHAPSODY OF REALITIES
Sunday, 14th March, 2021


OUR WEAPONS OF WORDS
‚Äî Pastor Chris Oyakhilome
Rhapsotweets

A Thread ‚Ä¶ (1/16) ",0.0,0.0,Neutral
"14/14) We trust you've been blessed by this article. We invite you to make Jesus Christ the Lord of your life TODAY by following the steps in the attached imageüëá:

Rhapsotweets ",0.1,0.0,Neutral
"13/14)
FURTHER STUDY:
Ephesians 1:19-22; Colossians 2:10

DAILY SCRIPTURE READING
1 Year Bible Reading Plan:
Mark 15:21-47 &amp; Numbers 34-36

2 Year Bible Reading Plan:
Matthew 22:23-33 &amp; Exodus 22

Rhapsotweets",0.25,0.0,Neutral
"12/14) CONFESSION
I have a joint-sitting with Christ in the place of glory &amp; power. As long as I‚Äôm in the world, I‚Äôm the light of the world! I exercise dominion over circumstances &amp; the spirits of darkness, &amp; I bring them under subjection to the Name of Jesus! Amen. Rhapsotweets",0.55,0.2875,Positive
"11/14) In the same way, until we‚Äôre taken out of here by the Rapture, darkness can‚Äôt prevail, because we have a joint-sitting with Christ in the place of power and dominion. And we exercise that power and dominion now! Rhapsotweets",0.125,0.0,Neutral
"10/14) We‚Äîthe Church‚Äîare the ones restraining evil in the world. Jesus said, ‚ÄúAs long as I am in the world, I am the light of the world‚Äù (John 9:5). Rhapsotweets",0.6999999999999998,-0.21666666666666667,Negative
"9/14) This is why the Bible says, ‚ÄúFor the mystery of lawlessness (that hidden principle of rebellion against constituted authority) is already at work in the world, [but it is] restrained only until he who restrains is taken out of the way‚Äù (2 Thess. 2:7 AMPC). Rhapsotweets",0.6666666666666666,-0.08333333333333333,Negative
"8/14) The Bible says, ‚ÄúThe light shines in the darkness, and the darkness has not overcome it‚Äù (John 1:5 ESV). Hallelujah! Rhapsotweets",0.7,0.5,Positive
"7/14) We‚Äôre called to exercise dominion and to live as masters and victors in life through Jesus Christ. We reign over Satan, darkness, the world and all creation. Rhapsotweets",0.5,0.13636363636363635,Positive
"6/14) Yes, at the millennial period, we‚Äôre going to be reigning with Christ, according to the Bible. But today in the earth, we‚Äôre reigning through Him or by Him, because we‚Äôre using His Name; operating in His stead. Rhapsotweets",0.0,0.0,Neutral
"5/14) The word ‚Äúreign‚Äù is ‚Äúbasileu≈ç‚Äù (Greek) which means ‚Äúto king.‚Äù And Revelation 5:10 perfectly corroborates this truth; it says, ‚ÄúAnd hast made us unto our God kings and priests: and we shall reign on the earth.‚Äù Rhapsotweets",0.5,0.5,Positive
"4/14) Now that we‚Äôve been enthroned, what are we supposed to do? Romans 5:17 tells us: ‚ÄúFor if by one man‚Äôs offence death reigned by one; much more they which receive abundance of grace and of the gift of righteousness shall reign in life by one, Jesus Christ.‚Äù Rhapsotweets",0.5,0.5,Positive
"3/14) Weymouth New Testament version renders it so beautifully; it says God ‚Äúraised us with Him from the dead, and enthroned us with Him in the heavenly realms as being in Christ Jesus.‚Äù We‚Äôve been enthroned! Blessed be God! Rhapsotweets",0.6181818181818182,0.2246212121212121,Positive
"2/14) The phrase ‚Äúsit together‚Äù in the scripture above is ‚Äúsugkathizo‚Äù (Greek), and it means to give (or take) a seat in company with; a joint-sitting. Think about that! What could be greater than having a joint-sitting with Christ! Rhapsotweets",0.19999999999999998,0.20833333333333334,Positive
"RHAPSODY OF REALITIES
Saturday, 13th March, 2021


WE‚ÄôVE BEEN ENTHRONED
‚Äî Pastor Chris Oyakhilome
Rhapsotweets

A Thread ‚Ä¶ (1/14) ",0.0,0.0,Neutral
"12/12) We trust you've been blessed by this article. We invite you to make Jesus Christ the Lord of your life TODAY by following the steps in the attached imageüëá:

Rhapsotweets ",0.1,0.0,Neutral
"11/12)
FURTHER STUDY:
Romans 12:11 AMPC; Daniel 12:3; 2 Timothy 3:1

DAILY SCRIPTURE READING
1 Year Bible Reading Plan:
Mark 15:1-20 &amp; Numbers 32-33
 
2 Year Bible Reading Plan:
Matthew 22:15-22 &amp; Exodus 21

Rhapsotweets",0.25,0.0,Neutral
"10/12) ‚Ä¶ I‚Äôve been endowed with the ability and grace to lead many to Christ, unveiling to them the mysteries of the Kingdom, in Jesus‚Äô Name. Amen Rhapsotweets",0.5,0.5,Positive
"9/12) CONFESSION
The Gospel of Christ burns in my heart, like fire shut up in my bones! Thank you, dear Father, for the honour of being a custodian of this life-changing message, the message of power by which you save, heal, protect, deliver, preserve and prosper. ‚Ä¶Rhapsotweets",0.0,0.0,Neutral
"8/12) Before the Rapture, we‚Äôve got to dominate this world like never before! Jesus isn‚Äôt planning to ‚Äúsnatch‚Äù us out of this world as though we‚Äôve been victims. Remember that He overcame the world. He‚Äôs coming for a victorious Church; a triumphant Church. Glory to God!",0.0,0.0,Neutral
"7/12) It begins with you giving more attention to prayer, especially praying for the impact of the Gospel around the world in these last days.

This is very important; the stakes are very high. It‚Äôs not just about you; it‚Äôs about the future of our world. Rhapsotweets",0.5656111111111111,0.20466666666666666,Positive
6/12) Imagine the kind of evil and destruction that‚Äôll be perpetrated by the antichrist for only three and a half years that warrants a divine shortening. That also tells us something: We can do a lot of good within a short time; we can shake up this world. Rhapsotweets,0.6611111111111111,0.022222222222222216,Positive
"5/12) Jesus said, ‚ÄúAnd except those days should be shortened, there should no flesh be saved‚Ä¶‚Äù (Matthew 24:22). Rhapsotweets",0.0,0.0,Neutral
"4/12) As the Scriptures tell us, the antichrist is only going to be given three &amp; a half years for the Great Tribulation. It‚Äôs going to be a period of intense trouble, worse than the world has ever experienced and will ever experience (Matt 24:21); &amp; it‚Äôll be world-wide in scope.",0.6595238095238096,0.14761904761904768,Positive
"3/12) Our theme verse says, ‚ÄúNot slothful in business; fervent in spirit; serving the Lord.‚Äù You‚Äôve got to work with the mentality that His appearing could be any minute, and become very passionate in your spirit for the Gospel‚Äîensuring its spread and impact around the world.",1.0,-0.065,Negative
"2/12) Clearly, we see from the Scriptures that we‚Äôre in the final days before the rapture of the Church. This isn‚Äôt the time to loaf around; there‚Äôs a lot the Lord wants to do through you with the short time left. Rhapsotweets",0.3566666666666667,0.06000000000000001,Positive
"RHAPSODY OF REALITIES
Friday, 12th March, 2021


THE STAKES ARE HIGH
‚Äî Pastor Chris Oyakhilome
Rhapsotweets

A Thread ‚Ä¶ (1/12) ",0.5399999999999999,0.16,Positive
"15/15) We trust you've been blessed by this article. We invite you to make Jesus Christ the Lord of your life TODAY by following the steps in the attached imageüëá:

Rhapsotweets",0.1,0.0,Neutral
"14/15) FURTHER STUDY:
Matthew 7:24-27; Romans 12:11-12; Colossians 3:1-3

DAILY SCRIPTURE READING
1 Year Bible Reading Plan:
Mark 14:53-72 &amp; Numbers 29-31

2 Year Bible Reading Plan:
Matthew 22:1-14 &amp; Exodus 20

Rhapsotweets",0.25,0.0,Neutral
"13/15) ‚Ä¶ As I give myself to prayer and to the ministry of the Word, the will and purposes of God are established in the earth and in the hearts of men, in Jesus‚Äô Name. Amen Rhapsotweets",0.0,0.0,Neutral
"12/15) CONFESSION
I consciously set my thinking on spiritual things, building a deep and firm foundation through consistent study and meditation on the Word of God. I‚Äôm tough for the Lord, a gallant soldier in His end-time army!  ‚Ä¶ Rhapsotweets",0.41944444444444445,-0.05601851851851852,Negative
"11/15) But he that heareth, &amp; doeth not, is like a man that without a foundation built an house upon the earth; against which the stream did beat vehemently, &amp; immediately it fell; and the ruin of that house was great.‚Äù Build a solid foundation for your life with the Word of God.",0.425,0.4,Positive
"10/15) He is like a man which built an house, and digged deep, and laid the foundation on a rock: and when the flood arose, the stream beat vehemently upon that house, and could not shake it: for it was founded upon a rock. Rhapsotweets",0.4,0.0,Neutral
"9/15) Recall the words of Jesus in Luke 6:47-49 as He distinguished between the one whose life is founded on the Word of God, and the one whose life isn‚Äôt. He said, ‚ÄúWhosoever cometh to me, and heareth my sayings, &amp; doeth them, I will shew you to whom he is like: ‚Ä¶ Rhapsotweets",0.0,0.0,Neutral
"8/15) Acts 20:32 says, ‚ÄúAnd now, brethren, I commend you to God, and to the word of his grace, which is able to build you up‚Ä¶.‚Äù If you‚Äôre brought up on the foundation of the Word of God, nothing will move you. Rhapsotweets",0.625,0.5,Positive
"7/15) But you see, if you don‚Äôt know this truth, you‚Äôd be terrified. This is why we bring you the Word of God every day, to build you up in Christ, to impart knowledge to you. Rhapsotweets",0.0,0.0,Neutral
"6/15) This is a sovereign declaration; it‚Äôs unequivocal. You‚Äôre superior to anything that hurts or binds; you‚Äôre ‚Äúuninfectable"". Rhapsotweets",0.9,0.7,Positive
"5/15) How could a Christian be afraid of a virus, after Jesus said in Luke 10:19, ‚ÄúBehold, I give unto you power to tread on serpents and scorpions, and over all the power of the enemy: and nothing shall by any means hurt you.‚Äù Rhapsotweets",0.45,-0.3,Negative
4/15) The Church isn‚Äôt a group of sissies; we‚Äôre soldiers. We‚Äôre tough for Christ. Rhapsotweets,0.8333333333333334,-0.3888888888888889,Negative
3/15) Some were completely disillusioned and ran into hiding‚Äîto ‚Äúisolate‚Äù themselves‚Äîwhile looking to government leaders for help and guidance. They were terrified by the same things that frightened the world; that shouldn‚Äôt be. Rhapsotweets,0.2625,0.05,Positive
2/15) A solid foundation of the Word of God is what will determine your reaction &amp; disposition to life and circumstances around you. Think about the happenings in the world in the past months; the reaction &amp; actions of some Christians is proof they never had the right foundation.,0.29523809523809524,0.011904761904761899,Positive
"RHAPSODY OF REALITIES
Thursday, 11TH March, 2021


A SOLID FOUNDATION WITH THE WORD
‚Äî Pastor Chris Oyakhilome
Rhapsotweets

A Thread ‚Ä¶ (1/15) ",0.1,0.0,Neutral
"12/12) We trust you've been blessed by this article. We invite you to make Jesus Christ the Lord of your life TODAY by following the steps in the attached imageüëá:

Rhapsotweets ",0.1,0.0,Neutral
"11/12) FURTHER STUDY
1 John 4:4; James 4:7; Ephesians 6:10-18

DAILY SCRIPTURE READING
1 Year Bible Reading Plan:
Mark 14:27-52 &amp; Numbers 27-28

2 Year Bible Reading Plan:
Matthew 21:33-46 &amp; Exodus 19

Rhapsotweets",0.25,0.0,Neutral
"10/12) ‚Ä¶ With the Word of God in my mouth, I triumph gloriously, reigning and prevailing over circumstances. Amen. Rhapsotweets",0.0,0.0,Neutral
"9/12) PRAYER
In the Name of Jesus Christ, I exercise dominion over satan and his cohorts, and I cut down all his machinations, schemes, deceptions and devices against my nation and my city.  ‚Ä¶ Rhapsotweets",0.2888888888888889,-0.15555555555555559,Negative
"8/12) As long as the Word of God is your arsenal, you‚Äôll always win. The Word of God is the sword of the Spirit with which you cut the devil down. Hallelujah! Rhapsotweets",0.362962962962963,0.1851851851851852,Positive
7/12) satan isn‚Äôt a factor. As long as you‚Äôre strong in the Lord‚Äîkeeping His Word in your heart and in your mouth‚Äîyou‚Äôll discomfit the enemy whenever he shows up. Rhapsotweets,0.5666666666666667,0.19166666666666665,Positive
"6/12) There‚Äôs a day of trouble (the evil day); it‚Äôs to be anticipated. There‚Äôs an enemy out there seeking whom to devour, and when he has the opportunity, he‚Äôll strike. But we‚Äôre not ignorant of His devices. Rhapsotweets",0.6,-0.6,Negative
"5/12) The reason many falter when they face challenges is that they don‚Äôt act on the Word. In the verses we read in our theme scripture, God instructed us clearly on what to do. What He said in verse thirteen is the reason for verses 10-12. Rhapsotweets",0.44166666666666665,0.3,Positive
"4/12) If you put on the whole armour of God as He has said, you‚Äôll be able to stand against all the stratagems, schemes, maneuvers, and manipulations of the devil. Rhapsotweets",0.5125,0.35,Positive
"3/12) He gives further instructions in the eleventh verse: ‚ÄúPut on the whole armour of God that ye may be able to stand against the wiles of the devil‚Äù

This is telling you to prepare, &amp; stay prepared ahead of the evil day. He tells you what to do against the devil. Rhapsotweets",0.63125,-0.07500000000000001,Negative
"2/12) The first part of our opening scripture admonishes that you be strong in the Lord, and in the power of His might. The Lord never tells us to do something we couldn‚Äôt do. If He says, ‚ÄúBe strong in the Lord,‚Äù it means that‚Äôs what you need to do. Rhapsotweets",0.6,0.37222222222222223,Positive
"RHAPSODY OF REALITIES 
Wednesday, 10th March, 2021


BE PREPARED AHEAD OF THE EVIL DAY
‚Äî Pastor Chris Oyakhilome
Rhapsotweets

A Thread ‚Ä¶ (1/12) ",1.0,-1.0,Negative
"13/13) We trust you've been blessed by this article. We invite you to make Jesus Christ the Lord of your life TODAY by following the steps in the attached imageüëá:

Rhapsotweets",0.1,0.0,Neutral
"12/13) FURTHER STUDY
Romans 6:4-5; 1 Corinthians 1:30; Philippians 3:8-9

DAILY SCRIPTURE READING
1 Year Bible Reading Plan:
Mark 14:1-26 &amp; Numbers 24-26
 
2 Year Bible Reading Plan:
Matthew 21:18-32 &amp; Exodus 18

Rhapsotweets",0.25,0.0,Neutral
"11/13) ‚Ä¶ and by His resurrection, I stand justified forever, with dominion over satan, circumstances and the cohorts of darkness. Blessed be God! Rhapsotweets",0.9,0.5,Positive
"10/13) CONFESSION
My righteousness is the righteousness of Jesus Christ; therefore, I have boldness in the presence of God, to worship Him in love and holiness of truth. The blood of Jesus gave me access and life, ‚Ä¶ Rhapsotweets",0.6,0.5,Positive
"9/13) This is the reason you can practise righteousness and produce fruits and works of righteousness, because that‚Äôs your nature in Christ Jesus. Hallelujah! Rhapsotweets",0.0,0.0,Neutral
"8/13) 2 Corinthians 5:17 says, ‚ÄúTherefore if any man be in Christ, he is a new creature‚Ä¶‚Äù; a new species or kind of man, born in righteousness. Rhapsotweets",0.603030303030303,0.2909090909090909,Positive
"7/13) Your new life started with the resurrection of Jesus Christ: ‚ÄúTherefore we are buried with him by baptism into death: that like as Christ was raised up from the dead by the glory of the Father, even so we also should walk in newness of life‚Äù (Romans 6:4). Rhapsotweets",0.42727272727272725,-0.03181818181818183,Negative
"6/13) The You‚Äôve become the effulgence of His righteousness, because He manifests His righteousness through you. He took your place of sin, and gave you His righteousness. Now, He manifests His righteousness through you. This is an amazing reality! Rhapsotweets",0.9,0.7500000000000001,Positive
"5/13) 2 Corinthians 5:21 says, ‚ÄúFor he hath made him to be sin for us, who knew no sin; that we might be made the righteousness of God in him.‚Äù Rhapsotweets",0.0,0.0,Neutral
4/13) It‚Äôs His power that‚Äôs made manifest as you walk in His righteousness. That‚Äôs our blessing as new creatures in Christ Jesus. Don‚Äôt be ‚Äúperformance-conscious‚Äù before God. Don‚Äôt allow sin &amp; the guilt of your mistakes dissipate your zeal for God and faith in Him. Rhapsotweets,0.45454545454545453,0.13636363636363635,Positive
3/13) We declare and boldly affirm that Christ is our righteousness and walk in the light of His righteousness. It‚Äôs like being covered in His glory; you‚Äôre not seen. It‚Äôs His light that‚Äôs seen; it‚Äôs His glory that‚Äôs seen. Rhapsotweets,0.6888888888888888,0.37777777777777777,Positive
"2/13) Jesus Christ has become your righteousness. That‚Äôs why in Christianity, we don‚Äôt walk in our righteousness; rather, we stand in His righteousness. Rhapsotweets",0.0,0.0,Neutral
"RHAPSODY OF REALITIES
Tuesday, 9th March, 2021


STAND IN HIS RIGHTEOUSNESS
‚Äî Pastor Chris Oyakhilome
Rhapsotweets

A Thread ‚Ä¶ (1/13) ",0.0,0.0,Neutral
"14/14) We trust you've been blessed by this article. We invite you to make Jesus Christ the Lord of your life TODAY by following the steps in the attached imageüëá:

Rhapsotweets ",0.1,0.0,Neutral
"13/14)
FURTHER STUDY:
James 1:22-25; Colossians 3:16

DAILY SCRIPTURE READING
1 Year Bible Reading Plan:
Mark 13:1-37 &amp; Numbers 22-23
 
2 Year Bible Reading Plan:
Matthew 21:12-17 &amp; Exodus 17

Rhapsotweets",0.25,0.0,Neutral
"12/14) ‚Ä¶ I‚Äôm blossoming in righteousness, flourishing in glory, producing lasting results and making an undeniable impact with the Gospel, to the praise of your Name. Hallelujah! Rhapsotweets",0.0,0.0,Neutral
"11/14) CONFESSION 
Righteous Father, how I love your Word; your truth is the light by which I see, and the foundation on which my strength is anchored. ‚Ä¶ Rhapsotweets",0.6499999999999999,0.45,Positive
"10/14) Being born of the Word means you must live in, by and through the Word; you must live it out in your daily walk. Rhapsotweets",0.3333333333333333,0.0909090909090909,Positive
"9/14) The Apostle Peter referenced a similar thought in 1 Peter 1:23, saying, ‚ÄúBeing born again, not of corruptible seed, but of incorruptible, by the word of God, which liveth and abideth forever.‚Äù Rhapsotweets",0.7000000000000001,-0.033333333333333326,Negative
"8/14) We‚Äôre Word-practitioners; Jesus Christ is the Living Word, and we‚Äôre born after Him. Paul said, ‚ÄúYe are the Epistles of Christ‚Äù (2 Corinthians 3:3). That means we‚Äôre the expression of the Word. Rhapsotweets",0.0,0.0,Neutral
"7/14) Affirm this every day about yourself. Irrespective, and independent of the happenings in the world, be unmoved, because you know you‚Äôre empowered to prosper. For you, it‚Äôs blessings only. Hallelujah! Rhapsotweets",0.5625,0.0,Neutral
6/14) Psalm 1:3 reveals something phenomenal about the extraordinary life of blessings you have in Christ. It says you‚Äôre like a tree planted by the rivers of water‚Äîever luscious and green‚Äîfruitful and eternally productive. Rhapsotweets,0.75,0.41666666666666663,Positive
"5/14) Don‚Äôt find yourself worrying over the mundane things of life, with fear of lack; rather, by prayer and supplication with thanksgiving, let your requests be made known to God. Rhapsotweets",0.16666666666666666,-0.16666666666666666,Negative
"4/14) When you start out practising something, you may miss it, but don‚Äôt give up and say, ‚ÄúWell, I tried.‚Äù Keep at it until you gain mastery. Again, the Word says,‚Äú...take no thought for your life...‚Äù (Luke 12:22); in other words, have no cares. Practise it. Rhapsotweets",0.375,-0.125,Negative
"3/14) For example, the Word says, ‚Äú...Love your enemies, bless them that curse you, do good to them that hate you, and pray for them which despitefully use you, and persecute you‚Äù (Matthew 5:44). Consciously practise this; let it be your daily walk. Rhapsotweets",0.5,-2.0816681711721685e-17,Negative
"2/14) Consciously practising the Word is how you can enjoy its full blessings in your life, because the power of God is in His Word. Rhapsotweets",0.5166666666666667,0.2833333333333333,Positive
"RHAPSODY OF REALITIES
Monday, 8th March 2021


CONSCIOUSLY PRACTISE THE WORD
‚Äî Pastor Chris Oyakhilome
Rhapsotweets

A Thread ‚Ä¶ (1/14) ",0.5,0.1,Positive
"14/14) We trust you've been blessed by this article. We invite you to make Jesus Christ the Lord of your life TODAY by following the steps in the attached imageüëá:

Rhapsotweets ",0.1,0.0,Neutral
"13/14) FURTHER STUDY
Colossians 4:2; Luke 18:1; Jeremiah 29:7

DAILY SCRIPTURE READING
1 Year Bible Reading Plan:
Mark 12:18-44 &amp; Numbers 20-21 
 
2 Year Bible Reading Plan:
Matthew 21:1-11 &amp; Exodus 16

Rhapsotweets",0.25,0.0,Neutral
"12/14) ‚Ä¶ I pray that the power and influence of their message will kindle your love in people‚Äôs hearts. Thank you for the tremendous and glorious transformation of many lives through the Gospel today, in Jesus‚Äô Name. Amen. Rhapsotweets",0.7000000000000001,0.4444444444444444,Positive
"11/14) PRAYER
Dear heavenly Father, I pray that your peace, progress and prosperity will reign in the nations of the world and that you‚Äôll grant the ministers of the Gospel the courage to preach and minister your Word boldly. ‚Ä¶ Rhapsotweets",0.6666666666666666,0.3333333333333333,Positive
"10/14) Until the rapture takes place, we hold the true reins of power in the nations, and have the authority to direct their course through prayer. Rhapsotweets",0.525,0.22499999999999998,Positive
"9/14) Pray also for ministers, that they‚Äôd be granted more grace to preach the Gospel with boldness and power, that many more souls would be added to the Church all around the world. Rhapsotweets",0.5,0.5,Positive
"8/14) Declare that God‚Äôs righteousness prevails, and His glory rests on, and influences men‚Äôs hearts as God‚Äôs people boldly proclaim the Gospel. Rhapsotweets",0.6666666666666666,0.3333333333333333,Positive
"7/14) Rise to the challenge and take up the responsibility of prayer. Pray earnestly and fervidly in the Spirit for the nations and leaders of the countries where you live or work, and the rest of the world. Rhapsotweets",0.5,0.13636363636363635,Positive
6/14) Read our theme verse again; God‚Äôs directive on how we must pray in order to experience peace in our nations is clear; it‚Äôs not by bearing arms or becoming riotous. Rhapsotweets,0.6166666666666667,0.275,Positive
"5/14) So, you must pray and not complain. If you don‚Äôt pray for your country, the leaders and people, where would peace come from?  Rhapsotweets",0.0,0.0,Neutral
"4/14) Today, the happenings in our world are a great source of concern. But the Church holds the solution. The Church is the only restraining power against evil in the earth today (2 Thessalonians 2:7). Rhapsotweets",0.9166666666666666,-0.06666666666666665,Negative
"3/14) This is part of what you do in obedience‚Äîpraying, contending for the hearts of men in your country, and around the world‚Äîthat God‚Äôs righteousness be established, and all forms of evil, turmoil, wickedness and terror, be thwarted.  Rhapsotweets",1.0,-1.0,Negative
"2/14) Our theme scripture is the Spirit‚Äôs admonition through Paul to the Church on the importance of earnest intercession for all men, our countries of domicile, and the leaders therein. The result of such is an overwhelming experience of God‚Äôs blessings of peace and prosperity.",0.75,0.25,Positive
"RHAPSODY OF REALITIES
Sunday, 7th March, 2021


DIRECT THEIR COURSE THROUGH PRAYER
‚Äî Pastor Chris Oyakhilome
Rhapsotweets

A Thread ‚Ä¶ (1/14) ",0.4,0.1,Positive
"14/14) We trust you've been blessed by this article. We invite you to make Jesus Christ the Lord of your life TODAY by following the steps in the attached imageüëá:

Rhapsotweets ",0.1,0.0,Neutral
"13/14)
FURTHER STUDY
1 Timothy 2:1-4 AMPC; Ezekiel 33:7

DAILY SCRIPTURE READING
1 Year Bible Reading Plan:
Mark 11:27-12:1-17 &amp; Numbers 18-19 
 
2 Year Bible Reading Plan:
Matthew 20:24-34 &amp; Exodus 15

Rhapsotweets",0.25,0.0,Neutral
"12/14) ‚Ä¶ I pray for those destined to receive salvation today all around the world, that the light of the glorious Gospel will shine in their hearts, dispelling the darkness, translating them into the liberty of the sons of God, in Jesus‚Äô Name. Amen. Rhapsotweets",0.7,0.4,Positive
"11/14) PRAYER
Thank you blessed Father, for the opportunity to stand in the gap for others, to cause a change in their lives and circumstances. ‚Ä¶ Rhapsotweets",0.0,0.0,Neutral
"10/14) Let the plight of the poor, the sick, &amp; the downtrodden stir compassion in you to intercede for them and cause a change in their lives today. We‚Äôre to continue in intercession for the nations, leaders, and peoples of the world, especially in these last days. Rhapsotweets",0.630952380952381,-0.2785714285714286,Negative
9/14) There‚Äôre many who are going through a lot of hurt for whom we must pray. The Bible says of the Lord Jesus that He‚Äôs touched with the feeling of our infirmities (Hebrews 4:15). Be moved by the conditions of the sinners and others who are suffering around you. Rhapsotweets,0.5,0.5,Positive
"8/14) Don‚Äôt be obsessed with getting your own advantage.‚Äù When you pray, it shouldn‚Äôt always be about your business, your family or things related to you; it should be for a greater cause. Think beyond yourself. Rhapsotweets",0.725,0.15,Positive
"7/14) Champions don‚Äôt fight for themselves; they fight for others. That‚Äôs what we read in our theme verse; it says, ‚ÄúPut yourself aside, and help others get ahead. Rhapsotweets",0.0,0.0,Neutral
"6/14) He didn‚Äôt say, ‚ÄúFight for yourselves.‚Äù And the word ‚Äúhouses‚Äù there doesn‚Äôt mean buildings; he was referring to clans, whole families, like you‚Äôd say, ‚ÄúThe house of Joseph.‚Äù He was calling out the champion spirit in them. Rhapsotweets",0.54375,-0.056249999999999994,Negative
"5/14) In Nehemiah 4:14, as the children of Israel began to build the wall of Jerusalem and prepared to defend it, Nehemiah said to the people, ‚Äú‚Ä¶fight for your brethren, your sons, and your daughters, your wives, and your houses.‚Äù Rhapsotweets",0.0,0.0,Neutral
"4/14) It‚Äôs our responsibility to change the world through prayer, ministry and protagonism. That‚Äôs what you have to do. Otherwise, you haven‚Äôt lived. Rhapsotweets",0.0,0.0,Neutral
"3/14) For this is good and acceptable in the sight of God our Saviour; Who will have all men to be saved, and to come unto the knowledge of the truth.‚Äù Rhapsotweets",0.6000000000000001,0.7,Positive
"2/14) 1 Timothy 2:1-4 says, ‚ÄúI exhort therefore, that, first of all, supplications, prayers, intercessions, and giving of thanks, be made for all men; For kings, and for all that are in authority; that we may lead a quiet &amp; peaceable life in all godliness &amp; honesty. Rhapsotweets",0.2888888888888889,0.15,Positive
"RHAPSODY OF REALITIES
Saturday, 6TH March, 2021

 
THINK BEYOND YOURSELF
‚Äî Pastor Chris Oyakhilome
Rhapsotweets

A Thread ‚Ä¶ (1/14) ",0.0,0.0,Neutral
"14/14) We trust you've been blessed by this article. We invite you to make Jesus Christ the Lord of your life TODAY by following the steps in the attached imageüëá:

Rhapsotweets ",0.1,0.0,Neutral
"13/14)
FURTHER STUDY
1 John 4:4; 1 Corinthians 16:13; Ephesians 6:13

DAILY SCRIPTURE READING 
1 Year Bible Reading Plan:
Mark 11:1-26 &amp; Numbers 16-17 
 
2 Year Bible Reading Plan:
Matthew 20:17-23 &amp; Exodus 14

Rhapsotweets",0.25,0.0,Neutral
"12/14) CONFESSION
The Lord is my light and my salvation; whom shall I fear? The Lord is the strength of my life; of whom shall I be afraid? Though a host should encamp against me, my heart shall not fear, for greater is He that‚Äôs in me, than he that‚Äôs in the world. Hallelujah!",0.7000000000000001,0.1416666666666667,Positive
"11/14) God‚Äôs Word is dependable. That‚Äôs what I‚Äôm telling you today. You can stake your life on it. When others are terrorized and full of fear concerning any situation, stand out, and be full of courage. Rhapsotweets",0.55,0.35,Positive
"10/14) As Christians, we should never be intimidated by anything or anyone. It‚Äôs something the Lord said to me years ago; He said, ‚ÄúAs I was with Moses, so I‚Äôll be with you. I‚Äôll not fail you nor forsake you‚Äù; &amp; He‚Äôs saying the same to you, even now. Be strong, &amp; very courageous.",0.3645833333333333,0.22083333333333333,Positive
"9/14) Guess what? The next day, the Police came looking for them, &amp; they were arrested! Praise God! The months following, several of the cult leaders &amp; members received salvation &amp; joined us. Rhapsotweets",0.03333333333333333,0.0,Neutral
"8/14) We were singing with the consciousness that in the spirit, we‚Äôre declaring them arrested. Rhapsotweets",0.0,0.0,Neutral
"7/14) As they (the cultists) were making noise and rabble-rousing, we were out on the other side, dancing and singing, ‚ÄúThe weapons of our warfare are not carnal, but they are mighty through the Holy Ghost!‚Äù  Rhapsotweets",0.6375,0.1875,Positive
"6/14) Then on another occasion, a year later, they sent out a message that they were ‚Äúsailing‚Äù that night. And I said, ‚ÄúSailing where? Never!‚Äù When it was night, I gathered some of the brethren, and said, ‚ÄúWe‚Äôre sailing tonight!‚Äù Rhapsotweets",0.0,0.0,Neutral
"5/14) But while many scampered in different directions, looking for where to hide, I got on my knees, spoke in tongues, and I said, ‚ÄúLord Jesus, by your grace, I‚Äòll deal with this; they‚Äôll never have such effrontery on this campus again.‚Äù Rhapsotweets",0.5333333333333333,0.16666666666666666,Positive
"4/13) Finally, I got into the university, and then came my first experience in my first year! One night, the cult members came dancing into the campus in their full regalia, and there was complete pandemonium. Rhapsotweets",0.5233333333333333,0.20249999999999999,Positive
"3/14) But as I studied my Bible and read about the exploits of people like David, Moses, Jephthah, etc., I couldn‚Äôt understand why any Christian would be intimidated by cultists. So, I prayed, ‚ÄúLord, give me just one chance; I‚Äôll force those cult members out!‚Äù Rhapsotweets",0.0,0.0,Neutral
"2/14) I often recall how, many years ago, cult activities in tertiary institutions were on the rise. Some Christian groups were threatened and intimidated from time to time by these nocturnal groups. Rhapsotweets",0.25,0.25,Positive
"RHAPSODY OF REALITIES
Friday, 5th of March, 2021


STAND OUT AND BE COURAGEOUS
‚Äî Pastor Chris Oyakhilome
Rhapsotweets

A Thread ‚Ä¶ (1/14) ",0.0,0.0,Neutral
"14/14) We trust you've been blessed by this article. We invite you to make Jesus Christ the Lord of your life TODAY by following the steps in the attached imageüëá:

Rhapsotweets ",0.1,0.0,Neutral
"13/14) FURTHER STUDY:
Colossians 4:2 AMPC; 1 Thessalonians 5:17; Ephesians 6:18

DAILY SCRIPTURE READING
1 Year Bible Reading Plan:
Mark 10:32-52 &amp; Numbers 14-15 

2 Year Bible Reading Plan:
Matthew 20:1-16 &amp; Exodus 1315/15)

Rhapsotweets",0.25,0.0,Neutral
"12/14) I‚Äôm an effective intercessor through the Word of faith and earnest, heartfelt, continued prayer. I declare that the nations and leaders of the world are under the divine influence of your mighty power, in Jesus‚Äô Name. Amen. Rhapsotweets",0.9,0.3333333333333333,Positive
"11/14) PRAYER
Blessed Father, thank you for the privilege and opportunity of prayer by which I exercise my authority in Christ, to activate and walk in the consciousness of the divine presence, and enforce your will in the earth. ‚Ä¶ Rhapsotweets",0.0,0.0,Neutral
"10/14) You might ask, ‚ÄúBut when do I stop?‚Äù You stop when you ‚Äúknow that you know‚Äù in your spirit that it‚Äôs done! Glory to God! You‚Äôll surely get the note of victory. Rhapsotweets",0.8888888888888888,0.5,Positive
"9/14) Always stir yourself and respond to the call and urgency of prayer from your spirit, declaring the Word and crushing the forces of darkness, in the spirit. It may look like nothing is changing, but you keep pushing. Rhapsotweets",0.9,0.4,Positive
8/14) The stakes are high. You‚Äôve got to take your personal prayer life more seriously. Rhapsotweets,0.5016666666666666,0.08166666666666668,Positive
"7/14) Jesus did that too in the Garden of Gethsemane. He said the same things in prayer, and He prayed that way for an hour. It wasn‚Äôt a two-minute prayer. He persisted, because he understood the stakes of the moment. We‚Äôre in a similar moment today. Rhapsotweets",0.2625,0.0,Neutral
"6/14) This isn‚Äôt the kind of prayer you pray at the dining table or when you‚Äôre hurrying off to work. There‚Äôre certain times &amp; situations where you don‚Äôt just speak the word &amp; go away; you persist in prayer. You keep pushing. You may be saying the same thing, but you‚Äôre pushing.",0.5321428571428571,0.2714285714285714,Positive
"5/14) It says the prayer is earnest, and there‚Äôs a persistence about it. In other words, it‚Äôs a sustained kind of prayer that‚Äôs marked by a deep feeling of conviction. Rhapsotweets",0.56875,0.14375,Positive
"4/14) The Amplified Classic version of our theme verse aptly describes this kind of prayer: ‚Äú...The earnest (heartfelt, continued) prayer of a righteous man makes tremendous power available [dynamic in its working].‚Äù Rhapsotweets",0.661904761904762,0.3,Positive
"3/14) 1 Kings 18:42 shows how he prayed; it says Elijah  ‚Äúbowed deeply in prayer, his face between his knees‚Äù(MSG). Rhapsotweets",0.4,0.0,Neutral
"2/14) When the Bible says there was no rain in the land of Israel according to the word of Elijah, it wasn‚Äôt that Elijah suddenly woke up and said, ‚ÄúThere‚Äôll be no rain in Israel for the next three and half years.‚Äù No, the Bible says he prayed earnestly. Rhapsotweets",0.2222222222222222,-0.05555555555555555,Negative
"RHAPSODY OF REALITIES
Thursday, 4th March, 2021


KEEP ‚ÄúPUSHING‚Äù IN PRAYER
‚Äî Pastor Chris Oyakhilome
Rhapsotweets

A Thread ‚Ä¶ (1/14) ",0.0,0.0,Neutral
"16/16) We trust you've been blessed by this article. We invite you to make Jesus Christ the Lord of your life TODAY by following the steps in the attached imageüëá:

Rhapsotweets ",0.1,0.0,Neutral
"15/16)
FURTHER STUDY
Psalms 27:1-3; Acts 5:25-29; 
1 John 4:4

DAILY SCRIPTURE READING
1 Year Bible Reading Plan:
Mark 10:1-31 &amp; Numbers 11-13 

2 Year Bible Reading Plan:
Matthew 19:23-30 &amp; Exodus 12

Rhapsotweets",0.25,0.0,Neutral
"14/16) ‚Ä¶ I stand in faith against any law, decree, government or individuals who have set themselves against the Church of Jesus Christ, and I declare that their defence is gone from them! Glory to God! Rhapsotweets",0.0,0.0,Neutral
"13/16) CONFESSION
I‚Äôm confident in the power of God‚Äôs Word to put me over always, irrespective of the circumstances or opposition ‚Ä¶ Rhapsotweets",0.8333333333333334,0.5,Positive
"12/16) The opposition may come from your family, your city, country, or government; have no fear, ‚Äú...because greater is he that is in you, than he that is in the world‚Äù (1 John 4:4). Rhapsotweets",0.5,0.5,Positive
"11/16) Human beings can never come together and come up with enough wisdom or strategy against God. It‚Äôs impossible. When you‚Äôre walking in sync with His plan and purpose for your life, it makes no difference what anyone thinks or does; it doesn‚Äôt matter the threats; you‚Äôll win.",0.5,0.033333333333333354,Positive
"10/16) As a man or woman of God, as a Christian, as one who walks with God, have no fear of men! Have no fear of their laws or decrees; have no fear of anything. The Bible says there‚Äôs no wisdom against the Lord (Proverbs 21:30). Rhapsotweets",0.0,0.0,Neutral
"9/16) Peter and the other apostles confronted the authorities in their day. Once, they said, ‚Äú...You yourselves judge which is right in God‚Äôs sight‚Äîto obey you or to obey God?‚Äù (Acts 4:19 GNB). Rhapsotweets",0.45535714285714285,0.08035714285714285,Positive
"8/16) Subsequently, we were never stopped from holding services on campus till I graduated. Was I defying the government? No! I was only obeying the orders of a higher government. It was the same with the Apostles. Rhapsotweets",0.41875,0.0625,Positive
"7/16) No authority supersedes God‚Äôs authority. So, I went ahead with the programme I had scheduled on campus, because I‚Äôd rather obey God; and it was a remarkable success. Rhapsotweets",0.375,0.525,Positive
"6/16) The Bible says the powers that be are ordained of Him; He put them in office. If they go rogue against Him by coming up with laws and policies that don‚Äôt favour His righteous cause, you‚Äôre not obliged to comply. Rhapsotweets",0.0,0.0,Neutral
"5/16) Always, God‚Äôs Word or counsel to you is what counts. He made the Vice-Chancellor, Governor, President, Prime Minister, etc. Rhapsotweets",0.0,0.0,Neutral
"4/16) Some of them weren‚Äôt ready to stand with me, perhaps, because they were afraid. But if God had told me to continue, why should I stop because of what someone said? Rhapsotweets",0.7,-0.19999999999999998,Negative
"3/16) Some of the members of our fellowship came to convince me to comply, but I had heard from God; He told me to remain on campus. Rhapsotweets",0.0,0.0,Neutral
"2/16) Many years ago, while I was in the university, the government of the day, a military government, banned all religious activities on campus. Rhapsotweets",0.2833333333333333,0.13333333333333333,Positive
"RHAPSODY OF REALITIES
Wednesday, 3rd March 2021


HAVE NO FEAR OF MAN
‚Äî Pastor Chris Oyakhilome
Rhapsotweets

A Thread ‚Ä¶ (1/16) ",0.0,0.0,Neutral
"14/14) We trust you've been blessed by this article. We invite you to make Jesus Christ the Lord of your life TODAY by following the steps in the attached imageüëá:

Rhapsotweets ",0.1,0.0,Neutral
"13/14) FURTHER STUDY
1 Thessalonians 5:17;
2 Corinthians 10:3;
Ephesians 6:18

DAILY SCRIPTURE READING
1 Year Bible Reading Plan:
Mark 9:33-50 &amp; Numbers 9-10 

2 Year Bible Reading Plan:
Matthew 19:13-22 &amp; Exodus 11

Rhapsotweets",0.25,0.0,Neutral
"12/14) I pray against any attempt of the devil to force the Church of Jesus Christ to live in a world of the beast before his time. Until the rapture of the Church, the Name of Jesus Christ shall be glorified in all nations. Amen. Rhapsotweets",0.5,0.13636363636363635,Positive
"11/14) CONFESSION
I‚Äôm strong in the Lord, and in the power of His might. He opens my eyes to spiritual realities and unveils His thoughts to my spirit. And today, I take charge of situations from the realm of the Spirit.",0.4333333333333333,0.21666666666666665,Positive
"10/14) We‚Äôre setting in place a new world order in the Spirit, where the Gospel has free course, and in preparation for our soon coming Lord. Amen. Rhapsotweets",0.6272727272727273,0.2681818181818182,Positive
"9/14) Get vitally involved in this. Pray like you‚Äôve never done! When we call for days of global prayer and fasting, be a part of it. Rhapsotweets",0.2,0.0625,Positive
"8/14) Refuse to be moved by some of the happenings in the world today‚Äîthe confusion, fear and deception. By the power of God‚Äôs Spirit, we (the Church) are exercising our authority in Christ, bringing in the new order of things. Rhapsotweets",0.45454545454545453,0.13636363636363635,Positive
"7/14) Be vigilant in the spirit, listening in, and with, your spirit as you speak in tongues and meditate on the Scriptures. The Lord will give you strategies and guidance on how to effectively dismantle the structures of the adversary. Rhapsotweets",0.8,0.6,Positive
"6/14) satan, knowing that his time is short, is trying to move ahead to create the environment of the anti Christ before his time. So, we must be on the alert and on the offensive. 1 Peter 5:8 says, ‚ÄúBe  sober, be vigilant‚Ä¶.‚Äù Rhapsotweets",0.25,0.05,Positive
"5/14) ‚Ä¶ we must be ready to fight against the decrees of darkness to force us to live in a world, an atmosphere or governmental system that‚Äôs hostile to the Gospel. Rhapsotweets",0.5,0.16818181818181818,Positive
"4/14) We‚Äôre partners and co-labourers with the Lord in  building His Church‚ÄîHis  body‚Äîwinning  souls and carrying out the work of the ministry. While at it, ‚Ä¶ Rhapsotweets",0.0,0.0,Neutral
"3/14) As he led God‚Äôs people to build the wall, they prepared to ward off any form of attack. Each one held a weapon with the other hand, taking every necessary precaution against any  onslaught from the enemy. This was written for our learning. Rhapsotweets",0.6875,-0.0625,Negative
2/14) Nehemiah was faced with an intense opposition when he decided to build the wall of Jerusalem. The Jews‚Äô enemies were determined to stop the building by slaying the builders. But Nehemiah wasn‚Äôt ignorant of their evil plans and intentions. Rhapsotweets,1.0,-0.4,Negative
"RHAPSODY OF REALITIES
Tuesday, 2nd March 2021


BE VIGILANT IN THE SPIRIT
Pastor Chris Oyakhilome
Rhapsotweets

A Thread (1/14) ",0.0,0.0,Neutral
"12/12) We trust you've been blessed by this article. We invite you to make Jesus Christ the Lord of your life TODAY by following the steps in the attached imageüëá:

Rhapsotweets ",0.1,0.0,Neutral
"11/12) FURTHER STUDY
Colossians: 3:16; John 6:63

DAILY SCRIPTURE READING
1 Year Bible Reading Plan:
Mark 9:14-32 &amp; Numbers 7-8
 
2 Year Bible Reading Plan:
Matthew 19:1-12 &amp; Exodus 10

Rhapsotweets",0.25,0.0,Neutral
"10/12) CONFESSION
Blessed be God! My words are divine, infused with power to change circumstances. The Father‚Äôs words dwell in me richly, and I speak them forth in wisdom. Hallelujah! Rhapsotweets",0.75,0.46875,Positive
"9/12) Get your language from the Word of God. That‚Äôs why you have to keep studying the Scriptures (2 Timothy 2:15). Think and talk like Jesus, and you‚Äôll have His extraordinary results. Rhapsotweets",1.0,0.3333333333333333,Positive
"8/12) We‚Äôre to have His kind of results, because the Father has given us words to speak. Don‚Äôt speak words that you learnt from the world; speak the Word of God. Rhapsotweets",0.9,0.6,Positive
"7/12) The words He spoke came from the Father. He said in John 12:50, ‚Äú‚Ä¶whatsoever I speak therefore, even as the Father said unto me, so I speak.‚Äù Rhapsotweets",0.0,0.0,Neutral
"6/12) Over a raging tempest, the Bible says, ‚Äú‚Ä¶he arose, and rebuked the wind, and said unto the sea, Peace, be still. And the wind ceased, and there was a great calm‚Äù (Mark 4:39). It made no difference how turbulent the weather was, Jesus hushed them with words. Rhapsotweets",0.75,0.55,Positive
"5/12) Moved with compassion, He touched the casket and said, ‚Äú‚Ä¶Young man, I say unto thee, Arise. And he that was dead sat up, and began to speak. And he delivered him to his mother‚Äù (Luke 7:14-15). He raised the lifeless body of that young man back to life with words!",0.26666666666666666,-0.03333333333333333,Negative
"4/12) Imagine what transpired in Luke 7:11-17. He was on a journey to the city of Nain, and as He arrived at the gate of the city, He saw a funeral procession of a young man who was the only son of a widow. Rhapsotweets",0.7,0.05,Positive
"3/12) Jesus spoke the Father‚Äôs words. He knew exactly the right words to say in every situation, to everyone, and concerning everything. The secret is what He told us in our theme verse. Rhapsotweets",0.49523809523809526,0.04523809523809522,Positive
2/12) Have you ever wondered why some of the words you speak produce the wrong results? Perhaps you‚Äôre not speaking words from the Father. Rhapsotweets,0.9,-0.5,Negative
"RHAPSODY OF REALITIES
Monday, 1st March 2021


SPEAK WORDS FROM THE FATHER
‚Äî Pastor Chris Oyakhilome
Rhapsotweets

A Thread (1/12) ",0.0,0.0,Neutral
"15/15) We trust you've been blessed by this article. We invite you to make Jesus Christ the Lord of your life TODAY by following the steps in the attached imageüëá:

Rhapsotweets ",0.1,0.0,Neutral
"14/15) FURTHER STUDY
Ephesians 2:5-6 AMPC; Philippians 2:9-10

1-YEAR BIBLE READING PLAN
Matthew 12:22-50 &amp; Genesis 40-41 

2-YEAR BIBLE READING PLAN
Matthew 7:1-12 &amp; Genesis 17

Rhapsotweets",0.5,0.0,Neutral
13/15) Christ reigns and rules through me; His dominion and righteousness are expressed through me. Blessed be His Name forever. Rhapsotweets,0.0,0.0,Neutral
"13/15) CONFESSION
I‚Äôm seated with Christ in heavenly places, far above all the hardships, troubles, perils and corrupting influences in the world. I dominate and triumph over circumstances today.",0.55,0.05,Positive
"12/15) Declare in the Name of Jesus, the specific changes you want in any area of your life and you‚Äôll have a testimony. Blessed be God! Rhapsotweets",0.125,0.0,Neutral
"11/15) satan has no chance if you‚Äôd  recognise and take advantage of your position and ability in Christ‚Äîthe glory and power you wield in His Name! Even now, use that authority! Rhapsotweets",0.0,0.0,Neutral
